,I,N,F,D,F,N,T,I
C,30.398839950561523,28.51570701599121,24.898351669311523,22.377670288085938,20.848751068115234,17.686079025268555,17.696975708007812,19.692506790161133
T,26.214557647705078,24.359037399291992,20.991134643554688,18.249208450317383,17.03742027282715,13.945611953735352,14.246386528015137,16.607418060302734
C,26.165321350097656,23.695314407348633,18.93804931640625,16.894174575805664,15.41370677947998,11.727798461914062,12.060564041137695,14.298925399780273
S,22.103689193725586,19.617021560668945,14.787775993347168,12.830431938171387,11.909015655517578,7.948031425476074,8.356433868408203,10.472574234008789
A,22.102075576782227,19.122743606567383,13.4412202835083,11.984050750732422,10.039172172546387,6.563440799713135,5.049473285675049,6.859074115753174
D,18.334014892578125,15.103655815124512,9.539139747619629,8.368199348449707,5.918822765350342,3.3388493061065674,2.6022212505340576,5.138967037200928
R,12.41365909576416,9.627411842346191,6.213321208953857,4.432345867156982,3.051664352416992,3.2349653244018555,5.141571044921875,8.397543907165527
V,12.852151870727539,10.425657272338867,7.048983573913574,4.23195219039917,4.599798679351807,2.7235665321350098,6.52186918258667,10.030607223510742
G,15.632841110229492,13.499987602233887,9.341351509094238,7.4869794845581055,8.519298553466797,4.975932598114014,9.354439735412598,12.756980895996094
N,18.511226654052734,15.898205757141113,9.82567024230957,8.800161361694336,8.778810501098633,3.752594232559204,7.584171772003174,10.245139122009277
T,21.85320281982422,19.80387306213379,14.47786808013916,13.326220512390137,13.63998794555664,8.863465309143066,12.407739639282227,14.808003425598145
L,21.947389602661133,20.094043731689453,16.23910140991211,13.95208740234375,13.475543022155762,9.896596908569336,12.599496841430664,15.656439781188965
Y,26.899799346923828,24.729337692260742,18.87883758544922,17.86371421813965,17.45441436767578,12.897315979003906,14.340824127197266,16.01729393005371
F,27.5518798828125,26.398174285888672,22.8887939453125,20.493661880493164,20.44968605041504,16.883737564086914,18.445514678955078,20.635385513305664
