,L,L,F,G,Y,P,R,Y,V
C,27.106264114379883,25.678709030151367,23.973628997802734,19.62845802307129,17.46704864501953,20.73943519592285,17.057146072387695,19.14614486694336,25.363025665283203
A,23.933834075927734,22.194915771484375,20.243749618530273,15.962434768676758,14.146465301513672,16.816938400268555,13.566576957702637,15.885326385498047,22.024608612060547
S,22.353849411010742,20.32269859313965,17.719242095947266,13.827646255493164,11.520462036132812,14.154163360595703,10.320991516113281,14.111285209655762,19.205333709716797
R,14.773999214172363,13.37960433959961,12.140825271606445,8.241840362548828,6.710177898406982,10.591544151306152,7.017735004425049,10.10735034942627,15.424163818359375
P,18.964632034301758,16.1956844329834,11.995041847229004,9.368382453918457,7.1970391273498535,7.820187568664551,3.718064546585083,7.012041091918945,12.144229888916016
G,15.56686782836914,12.709049224853516,9.18822956085205,6.047689914703369,5.439808368682861,4.424826622009277,2.843062162399292,6.7580790519714355,11.151039123535156
L,14.73627758026123,11.707192420959473,8.71390438079834,6.379295349121094,6.001866340637207,4.213407516479492,3.884958267211914,3.353222131729126,6.830591678619385
A,18.002702713012695,15.375452995300293,9.74013614654541,9.269843101501465,6.486603736877441,4.920640468597412,2.832170248031616,4.324665546417236,8.284480094909668
G,20.021560668945312,17.529088973999023,11.297093391418457,11.464287757873535,8.336187362670898,7.082550525665283,4.208256244659424,6.061797618865967,8.4413480758667
G,17.717443466186523,15.293970108032227,9.322381973266602,9.272357940673828,6.7668890953063965,7.493950843811035,2.5493297576904297,8.657110214233398,10.95626449584961
R,17.92474365234375,15.49752140045166,10.179268836975098,9.602688789367676,6.822255611419678,9.554105758666992,4.497347354888916,11.584942817687988,14.246232032775879
P,14.36461353302002,11.954237937927246,7.48571252822876,6.494534969329834,3.4703714847564697,8.097888946533203,4.194929599761963,11.893474578857422,15.046918869018555
E,17.872943878173828,15.797996520996094,12.090705871582031,9.68810749053955,6.667736530303955,10.8714599609375,6.123354911804199,14.024247169494629,17.348257064819336
Q,19.377296447753906,17.821447372436523,15.199599266052246,11.85926342010498,8.872611999511719,13.639562606811523,9.203164100646973,16.25916862487793,20.14352798461914
Y,22.71066665649414,20.711030960083008,15.988180160522461,14.68311595916748,11.73509407043457,14.711588859558105,9.374764442443848,16.151968002319336,19.323795318603516
F,23.1563720703125,22.619277954101562,21.417713165283203,17.4126033782959,14.099761962890625,19.597919464111328,15.02383804321289,20.456811904907227,25.090660095214844
