,S,L,L,M,W,I,T,Q,C
C,27.48123550415039,24.795745849609375,23.02961540222168,18.02750587463379,14.87634563446045,18.95087432861328,20.398967742919922,15.504709243774414,22.109451293945312
A,23.56633758544922,21.35402488708496,19.067882537841797,14.273932456970215,11.180232048034668,15.36594009399414,16.89273452758789,13.226678848266602,19.583568572998047
S,22.898914337158203,20.184606552124023,17.626089096069336,13.743188858032227,9.201281547546387,12.533159255981445,13.637633323669434,10.23660945892334,16.232145309448242
S,19.228069305419922,16.465805053710938,14.014351844787598,10.11844539642334,5.309837341308594,8.786033630371094,10.020514488220215,6.794316291809082,12.791661262512207
Y,17.883859634399414,14.769987106323242,11.959070205688477,8.253881454467773,3.9768004417419434,6.148350715637207,6.63364315032959,3.401897430419922,8.14175796508789
L,13.772732734680176,10.659709930419922,7.7246174812316895,4.346003532409668,3.442495346069336,3.0018458366394043,4.849464416503906,6.1168904304504395,10.044340133666992
G,15.456847190856934,12.501386642456055,9.625266075134277,6.3673481941223145,3.5804150104522705,3.4432170391082764,3.6597108840942383,5.590139865875244,9.148752212524414
N,17.09334945678711,14.299580574035645,11.164892196655273,8.915898323059082,6.011926174163818,4.872744560241699,2.6696324348449707,5.4031219482421875,8.63236141204834
T,19.301607131958008,16.323347091674805,13.68979549407959,10.896647453308105,5.800905704498291,8.164327621459961,5.72811222076416,8.468255043029785,11.430054664611816
G,18.67189598083496,15.65773868560791,13.19725513458252,9.790616035461426,4.167810916900635,8.432977676391602,7.284246444702148,9.590349197387695,12.892240524291992
E,21.005130767822266,18.055810928344727,15.617135047912598,12.160821914672852,6.4347710609436035,10.699832916259766,9.841949462890625,11.035167694091797,14.833852767944336
L,21.77889060974121,19.4932804107666,17.440311431884766,11.987911224365234,8.067472457885742,13.490036010742188,13.226373672485352,13.187736511230469,17.61407470703125
F,25.247896194458008,22.496313095092773,19.8680477142334,15.664609909057617,10.872812271118164,13.265644073486328,12.229634284973145,11.003007888793945,14.818232536315918
F,26.35176658630371,24.346691131591797,22.515338897705078,16.42104721069336,12.767001152038574,18.261098861694336,18.52314567565918,15.838644981384277,21.019399642944336
