,G,I,L,G,F,V,F,T,L
C,28.838903427124023,25.433889389038086,22.537155151367188,18.478960037231445,18.485305786132812,16.951597213745117,18.552093505859375,17.8863525390625,21.780607223510742
A,26.05227279663086,22.613021850585938,19.72482681274414,15.640534400939941,15.110732078552246,13.733278274536133,15.327765464782715,15.096847534179688,18.891849517822266
S,25.24843406677246,21.84099769592285,18.89240264892578,15.109159469604492,13.651283264160156,11.979790687561035,13.071731567382812,12.720892906188965,16.402204513549805
S,21.883832931518555,18.55463981628418,15.600439071655273,12.026086807250977,10.218762397766113,8.818952560424805,9.437945365905762,8.770126342773438,12.42099380493164
S,21.9888858795166,18.757509231567383,15.356749534606934,13.195712089538574,10.786537170410156,7.407321453094482,7.120676517486572,5.822052001953125,9.371973037719727
R,15.54590892791748,12.941757202148438,8.646439552307129,8.827802658081055,3.901308298110962,5.11240816116333,4.301103115081787,5.896757125854492,8.725574493408203
S,15.503336906433105,12.163211822509766,9.081459999084473,5.991825103759766,4.181702613830566,3.0309603214263916,5.267187595367432,7.53437614440918,10.897756576538086
S,14.849883079528809,11.767641067504883,9.167755126953125,6.324855804443359,3.945162773132324,6.617864608764648,7.857799530029297,10.472990989685059,13.789532661437988
Y,19.251527786254883,16.290264129638672,12.975099563598633,10.638630867004395,7.954610347747803,8.386442184448242,8.736149787902832,10.891450881958008,13.462935447692871
E,22.73427391052246,19.888959884643555,16.313556671142578,14.299403190612793,11.449483871459961,11.69857406616211,11.771404266357422,13.436640739440918,16.39681053161621
Q,22.073965072631836,18.703359603881836,16.163013458251953,12.123400688171387,11.202075958251953,11.814139366149902,13.728886604309082,15.011337280273438,18.25763511657715
Y,27.76058006286621,24.465103149414062,21.636226654052734,17.90720558166504,16.202068328857422,15.271221160888672,15.6848726272583,15.423029899597168,18.208770751953125
F,27.87672996520996,24.56079864501953,22.169092178344727,18.08500862121582,17.284360885620117,17.690805435180664,19.121437072753906,18.99886131286621,22.65644645690918
