,K,A,F,S,P,E,V,I,P,M,F
C,29.371877670288086,28.081031799316406,24.259288787841797,22.229238510131836,19.35369300842285,15.741483688354492,16.62160873413086,17.507827758789062,21.133989334106445,17.296449661254883,21.613136291503906
A,26.257579803466797,24.9404239654541,20.89136505126953,19.053314208984375,16.135635375976562,12.469064712524414,13.222702980041504,13.642945289611816,17.322092056274414,13.904624938964844,18.43488121032715
S,24.839309692382812,22.72797393798828,17.845598220825195,16.66071128845215,13.645771026611328,10.185874938964844,9.707813262939453,11.253052711486816,14.41501235961914,11.452703475952148,15.96483039855957
T,21.324798583984375,18.938615798950195,14.252756118774414,13.057223320007324,9.816720008850098,6.459691524505615,6.6966657638549805,7.466674327850342,10.770730018615723,7.464176177978516,11.916935920715332
G,23.025693893432617,20.347009658813477,13.916069984436035,14.376443862915039,11.603983879089355,8.38990592956543,5.57067346572876,8.260597229003906,10.747989654541016,8.065791130065918,11.990964889526367
S,20.544816970825195,18.0611572265625,11.883374214172363,11.956743240356445,9.420437812805176,5.8851728439331055,3.533433437347412,7.372865676879883,9.79118537902832,8.778214454650879,12.285531044006348
Y,15.813095092773438,13.731996536254883,6.942208290100098,8.15062427520752,6.607799530029297,4.046198844909668,3.597461700439453,7.50018835067749,9.071518898010254,10.778824806213379,13.840746879577637
G,19.67104721069336,17.90496253967285,12.975105285644531,11.704078674316406,9.734999656677246,5.041097164154053,5.667191982269287,9.611212730407715,12.833622932434082,12.74251937866211,16.75967025756836
Y,19.463754653930664,18.438234329223633,15.76276683807373,12.663115501403809,10.331871032714844,6.144425868988037,8.688987731933594,10.736311912536621,14.465682029724121,14.478219032287598,18.53135108947754
T,25.669384002685547,23.910593032836914,18.993412017822266,17.69548797607422,15.198722839355469,10.919734954833984,10.758831977844238,13.551334381103516,16.827878952026367,14.16830062866211,18.188156127929688
F,25.475500106811523,24.70549201965332,21.120975494384766,18.751502990722656,16.655656814575195,11.286097526550293,13.830366134643555,16.454906463623047,19.9840087890625,17.432802200317383,21.765026092529297
