,L,L,F,G,F,P,V,Y,V
C,26.93737030029297,26.05255126953125,24.014232635498047,20.06010627746582,18.017562866210938,21.00530242919922,21.3616943359375,19.18869972229004,25.978395462036133
A,23.761507034301758,22.949275970458984,20.72007179260254,16.769975662231445,14.834863662719727,17.259252548217773,17.777097702026367,15.826836585998535,22.319438934326172
S,22.00064468383789,20.488441467285156,17.523958206176758,14.040306091308594,11.849762916564941,14.306032180786133,14.303413391113281,13.511909484863281,18.86008644104004
R,13.579538345336914,12.490501403808594,10.815271377563477,7.133429527282715,5.5005083084106445,9.914092063903809,10.857928276062012,10.177006721496582,15.76353931427002
P,18.64458465576172,16.393863677978516,12.021757125854492,9.638961791992188,7.630479335784912,7.803262233734131,7.547757625579834,6.884982109069824,12.120392799377441
G,16.21771812438965,13.125360488891602,9.377083778381348,6.374743938446045,5.729182720184326,4.662410259246826,6.009196758270264,6.377318382263184,11.211934089660645
L,15.076473236083984,11.790549278259277,8.800596237182617,6.472543239593506,6.4776458740234375,3.614964485168457,3.3070993423461914,3.4050307273864746,6.808244228363037
A,18.952072143554688,15.908926963806152,11.089417457580566,9.670997619628906,7.789707183837891,5.275773048400879,3.5663950443267822,4.047480583190918,7.462828159332275
G,18.736780166625977,15.953587532043457,9.924764633178711,10.006084442138672,7.016359329223633,6.311259746551514,3.933377742767334,6.094509124755859,8.981059074401855
G,15.544865608215332,12.918305397033691,6.619878768920898,7.695227146148682,4.43815803527832,5.775181770324707,3.5225234031677246,6.988121509552002,9.999406814575195
R,16.9813232421875,14.72655200958252,8.841174125671387,9.168204307556152,6.187078475952148,8.24853515625,5.937104225158691,10.085914611816406,13.005525588989258
P,13.721298217773438,11.995084762573242,8.01887321472168,7.190086841583252,3.7052032947540283,9.021926879882812,8.450397491455078,12.636479377746582,15.843073844909668
E,17.3101806640625,15.806783676147461,12.015387535095215,10.363972663879395,7.087548732757568,11.87617301940918,10.894221305847168,14.707674026489258,17.97940444946289
Q,19.08817481994629,18.030691146850586,15.189322471618652,12.465250968933105,9.38747787475586,14.318998336791992,13.790421485900879,15.961721420288086,20.43559455871582
Y,22.467121124267578,20.971433639526367,16.184715270996094,15.073990821838379,12.139993667602539,15.21115493774414,13.711647033691406,16.30001449584961,19.735836029052734
F,23.16516876220703,23.044416427612305,21.593603134155273,18.010902404785156,14.862385749816895,19.83161163330078,19.321392059326172,20.200422286987305,25.022262573242188
