,F,L,R,G,R,A,Y,G,L
C,22.800989151000977,23.737319946289062,22.67451286315918,20.26210594177246,19.557252883911133,16.45956802368164,14.641916275024414,20.93973159790039,24.49227523803711
A,19.727590560913086,20.248462677001953,18.91851043701172,16.35140037536621,15.583620071411133,12.440871238708496,11.021533012390137,17.327924728393555,20.992477416992188
S,18.711400985717773,18.809412002563477,17.36516571044922,14.417137145996094,14.128411293029785,10.587076187133789,8.352846145629883,15.549873352050781,19.110822677612305
S,14.804984092712402,14.887849807739258,13.599685668945312,10.93203067779541,10.461274147033691,6.839599609375,4.890417098999023,11.88321590423584,15.463181495666504
F,14.672883033752441,13.506227493286133,11.268342971801758,7.80166482925415,7.3457536697387695,3.6993184089660645,3.2214555740356445,9.403524398803711,12.909219741821289
T,11.589932441711426,10.529562950134277,8.392974853515625,5.358353614807129,6.497358322143555,3.9263875484466553,4.838625907897949,9.819169998168945,12.838869094848633
W,7.531856060028076,8.253875732421875,7.426429748535156,5.637403964996338,6.327151775360107,5.2275519371032715,8.078592300415039,11.047684669494629,14.338626861572266
T,3.9968738555908203,5.050846576690674,4.889917373657227,3.798372745513916,5.999772548675537,7.4075026512146,10.070128440856934,13.250059127807617,15.681721687316895
S,7.647241115570068,7.000692367553711,6.404514312744141,5.825032711029053,7.779799938201904,7.873561382293701,9.186408996582031,13.463540077209473,15.883316993713379
G,7.930810928344727,8.049887657165527,8.29746150970459,7.797015190124512,10.164592742919922,10.352851867675781,12.088622093200684,16.247791290283203,18.500396728515625
G,10.413995742797852,10.459382057189941,10.00395393371582,9.988675117492676,12.106452941894531,11.574993133544922,12.03581714630127,17.336030960083008,19.656381607055664
A,14.011255264282227,13.88215160369873,12.623662948608398,12.079583168029785,14.189560890197754,11.544281005859375,10.939984321594238,17.13460922241211,19.965147018432617
T,13.275383949279785,12.190606117248535,9.8848876953125,8.329981803894043,10.368313789367676,7.912272930145264,7.436776638031006,13.343282699584961,16.026201248168945
D,9.388337135314941,10.048773765563965,9.699177742004395,8.028740882873535,9.788968086242676,8.195246696472168,9.481125831604004,14.675368309020996,17.699798583984375
T,14.75897216796875,15.228239059448242,14.611516952514648,12.576143264770508,14.1152982711792,11.153975486755371,9.98463249206543,17.26230239868164,20.587520599365234
Q,14.440092086791992,16.024831771850586,15.927295684814453,14.189388275146484,15.251641273498535,12.336647033691406,11.733810424804688,18.629104614257812,22.198841094970703
Y,19.904014587402344,20.247108459472656,18.755022048950195,16.222564697265625,16.919437408447266,13.399712562561035,10.42175579071045,18.42721939086914,21.655628204345703
F,20.457605361938477,22.157634735107422,21.943748474121094,19.977096557617188,20.283767700195312,16.788881301879883,14.285332679748535,21.968358993530273,25.525144577026367
