,E,E,Y,L,Q,A,F,T,Y
C,33.571834564208984,30.264690399169922,27.241741180419922,21.545068740844727,22.69643211364746,18.790842056274414,17.5872802734375,17.425914764404297,19.752790451049805
A,30.559490203857422,26.853193283081055,24.14250946044922,18.534181594848633,19.184614181518555,15.222233772277832,14.350687980651855,13.554790496826172,15.976011276245117
S,29.814863204956055,25.996736526489258,22.97454833984375,18.121355056762695,17.68796157836914,13.671380996704102,11.920432090759277,11.379232406616211,13.150177955627441
S,25.833356857299805,21.958681106567383,19.008028030395508,14.287504196166992,13.619391441345215,9.601086616516113,8.646791458129883,7.658778667449951,9.333002090454102
L,26.135805130004883,21.740690231323242,18.78858184814453,15.603414535522461,12.632305145263672,9.514599800109863,8.53405475616455,5.692436218261719,5.879100799560547
G,23.252477645874023,19.000391006469727,16.392208099365234,12.161866188049316,10.592399597167969,6.657104015350342,6.639712810516357,3.9198150634765625,6.329236030578613
Q,17.367443084716797,12.878575325012207,10.840508460998535,6.53476619720459,5.75250768661499,3.1672205924987793,5.355785846710205,4.013851642608643,7.819864273071289
A,18.72578239440918,15.5121431350708,11.729679107666016,7.928311347961426,6.921530246734619,3.8042078018188477,3.0477616786956787,5.081037998199463,8.800732612609863
Y,21.107744216918945,17.46143913269043,12.895709991455078,11.425963401794434,6.67097282409668,6.056747913360596,3.4647700786590576,2.7036352157592773,4.96453332901001
E,25.170568466186523,22.17325210571289,17.572364807128906,14.662726402282715,12.701582908630371,10.136076927185059,5.983415126800537,9.300909042358398,11.43416690826416
Q,24.787023544311523,21.74418830871582,18.400056838989258,13.008881568908691,14.20966911315918,10.696927070617676,9.23029899597168,11.186614990234375,14.145394325256348
Y,30.627357482910156,27.42862892150879,22.84282112121582,19.20157814025879,17.575632095336914,14.939541816711426,11.07519817352295,12.691984176635742,13.372512817382812
F,29.706274032592773,27.162424087524414,23.92239761352539,18.54604721069336,19.991153717041016,16.462045669555664,14.114594459533691,16.42536163330078,18.74807357788086
