,H,P,V,G,E,A,D,Y,F,E,Y
C,26.18612289428711,26.575925827026367,24.2744197845459,21.345962524414062,18.44222068786621,16.752368927001953,11.552642822265625,12.271970748901367,19.30194854736328,19.01572036743164,24.900667190551758
A,23.744009017944336,23.874080657958984,21.286773681640625,18.2581787109375,15.096517562866211,13.22771167755127,7.8572845458984375,8.649497032165527,15.508442878723145,15.158110618591309,21.022911071777344
S,23.542795181274414,23.002073287963867,20.0379638671875,16.86652183532715,13.97415828704834,11.527496337890625,6.681042671203613,5.985745429992676,13.35167407989502,13.64023208618164,18.97823715209961
S,20.223651885986328,19.3072452545166,16.200565338134766,12.9552001953125,9.878541946411133,7.28279972076416,2.839536190032959,2.7912280559539795,9.166186332702637,9.775813102722168,15.023982048034668
A,20.962217330932617,19.47903823852539,15.554804801940918,12.827309608459473,10.54755973815918,7.363314628601074,5.364603519439697,3.480867385864258,8.080767631530762,9.957107543945312,14.282659530639648
R,20.109493255615234,18.046228408813477,13.688152313232422,11.42136001586914,9.487805366516113,6.423769950866699,4.594879150390625,3.3692307472229004,5.733131408691406,5.774036884307861,8.16385555267334
S,19.935171127319336,18.21453285217285,13.84808349609375,12.04549503326416,10.959600448608398,7.3831305503845215,6.693111896514893,5.495301246643066,7.524688243865967,10.864399909973145,14.151276588439941
G,18.696361541748047,17.5455379486084,13.606695175170898,11.231257438659668,9.812363624572754,6.144744873046875,6.48703670501709,5.9913153648376465,7.409691333770752,11.594867706298828,15.207988739013672
E,20.6417179107666,19.55389404296875,15.789467811584473,13.424185752868652,12.029810905456543,8.401941299438477,7.612501621246338,6.975039482116699,9.843135833740234,13.792272567749023,17.821495056152344
L,19.45319175720215,19.13919448852539,16.406835556030273,13.420331001281738,11.269408226013184,8.771328926086426,5.847886562347412,7.757355213165283,11.460358619689941,13.821549415588379,18.740312576293945
F,24.428205490112305,24.080739974975586,21.0002384185791,18.221580505371094,16.084026336669922,13.22268009185791,9.710799217224121,8.762283325195312,14.390451431274414,16.48275375366211,20.87637710571289
F,23.084808349609375,23.672836303710938,21.737552642822266,18.93860626220703,17.043882369995117,14.890063285827637,11.65612506866455,12.089814186096191,17.66255760192871,19.9161319732666,25.06875228881836
