,S,S,L,E,N,F,R,A,Y,V
C,32.50446319580078,30.299104690551758,28.204463958740234,23.466157913208008,22.23941993713379,19.158720016479492,14.66020393371582,17.899120330810547,15.563691139221191,19.87737274169922
A,29.68997573852539,27.23731231689453,24.89594268798828,20.512434005737305,18.93111801147461,16.003681182861328,11.579168319702148,14.357507705688477,12.105313301086426,16.681724548339844
S,27.99273681640625,25.25818634033203,22.371036529541016,18.829435348510742,16.474395751953125,12.607293128967285,9.181595802307129,11.177108764648438,10.126577377319336,13.773301124572754
S,24.31753921508789,21.51177215576172,18.34662437438965,14.931574821472168,12.652679443359375,8.512977600097656,5.682963848114014,7.493368625640869,6.2717366218566895,9.765408515930176
F,23.10630989074707,19.844341278076172,15.942914962768555,13.171488761901855,10.638842582702637,6.229984760284424,5.588968753814697,3.520256996154785,4.561691761016846,6.812894821166992
G,21.469871520996094,18.598295211791992,14.928841590881348,11.92030143737793,9.903857231140137,4.243936538696289,2.8730814456939697,3.8936545848846436,6.066935062408447,9.059094429016113
R,23.46700096130371,20.57662582397461,16.666934967041016,13.840753555297852,11.706686019897461,5.645627498626709,3.493393659591675,5.566108226776123,8.187150001525879,10.940759658813477
E,25.548324584960938,22.876314163208008,19.211164474487305,16.295068740844727,14.387137413024902,8.001513481140137,5.645477294921875,8.966087341308594,11.446019172668457,14.043113708496094
Q,23.88344955444336,21.887479782104492,19.891952514648438,15.613710403442383,14.388919830322266,10.730246543884277,6.059152603149414,11.293326377868652,11.348127365112305,16.071853637695312
Y,29.007165908813477,26.124248504638672,22.151256561279297,19.390438079833984,17.14605712890625,10.933307647705078,9.494623184204102,10.344457626342773,12.149365425109863,13.607979774475098
F,29.660659790039062,27.79402732849121,25.509639739990234,21.441694259643555,20.044954299926758,15.774019241333008,10.751376152038574,16.12541961669922,16.184871673583984,19.89484405517578
