,Q,L,S,P,F,P,F,D,L
C,30.15863609313965,28.519100189208984,26.07347869873047,23.397846221923828,18.45478057861328,20.03634262084961,18.6779842376709,15.305795669555664,19.50165557861328
A,27.308427810668945,25.371810913085938,22.73855972290039,20.073177337646484,14.892923355102539,16.315750122070312,15.31669807434082,11.948172569274902,16.470212936401367
S,26.111209869384766,23.450651168823242,20.75636100769043,17.920642852783203,13.201260566711426,13.757102012634277,11.805402755737305,9.51334285736084,13.290338516235352
S,22.302438735961914,19.347806930541992,16.77865982055664,13.767122268676758,9.736324310302734,10.026732444763184,8.157649993896484,5.454463005065918,9.663500785827637
D,21.225444793701172,17.919071197509766,14.974088668823242,12.176919937133789,8.634378433227539,7.141394138336182,4.498205184936523,4.474555969238281,6.0224609375
A,20.03388023376465,16.640228271484375,13.994543075561523,10.886256217956543,8.334051132202148,7.771573066711426,3.4017508029937744,6.455382823944092,9.297816276550293
P,16.367809295654297,12.974772453308105,10.36827278137207,7.237802982330322,5.0007734298706055,5.877307891845703,3.7373199462890625,6.245805740356445,9.736553192138672
G,19.27513313293457,16.613441467285156,14.399737358093262,10.996386528015137,9.507107734680176,10.198740005493164,7.636807441711426,10.51690673828125,13.93510913848877
Q,21.829666137695312,18.468639373779297,15.958891868591309,12.691354751586914,11.158435821533203,11.22797966003418,4.800782680511475,10.139619827270508,13.023584365844727
L,22.73023796081543,20.552204132080078,18.35376739501953,15.1157865524292,12.464289665222168,13.221112251281738,10.46929931640625,11.468799591064453,15.525071144104004
Y,27.684558868408203,24.68353843688965,21.979692459106445,18.899633407592773,15.978758811950684,15.129171371459961,10.303984642028809,11.803010940551758,13.282715797424316
F,27.310091018676758,25.678682327270508,23.685544967651367,20.37965965270996,17.90403175354004,18.745014190673828,15.720429420471191,15.61390209197998,18.690481185913086
