,R,F,P,L,T,F,G,W,C,F
C,30.652570724487305,27.513381958007812,25.58287811279297,21.249420166015625,23.098339080810547,15.953208923339844,22.064735412597656,24.414567947387695,22.71833610534668,26.18828010559082
A,27.63883399963379,24.464284896850586,22.549537658691406,18.074031829833984,19.72499656677246,12.4590482711792,18.660808563232422,20.919231414794922,19.105127334594727,22.754823684692383
S,25.996864318847656,22.6428165435791,20.318307876586914,16.100746154785156,16.83094596862793,9.331405639648438,15.392508506774902,17.682167053222656,15.661880493164062,19.25851058959961
S,22.498613357543945,18.840179443359375,16.72249984741211,13.23677921295166,13.399861335754395,6.174839973449707,12.332557678222656,14.306999206542969,12.063514709472656,15.736181259155273
P,21.193023681640625,16.990812301635742,15.028099060058594,12.127130508422852,10.699944496154785,3.328219175338745,9.556687355041504,11.508710861206055,8.77347183227539,12.455904006958008
T,18.915157318115234,13.666242599487305,12.595675468444824,10.414336204528809,7.251901149749756,3.3663008213043213,7.125648498535156,8.265158653259277,6.634122371673584,9.78052806854248
S,19.647903442382812,14.017143249511719,13.427894592285156,10.672667503356934,6.857854843139648,3.3084075450897217,5.930382251739502,6.819194316864014,4.007004737854004,7.022341728210449
G,18.06693458557129,14.598505973815918,12.120148658752441,8.840475082397461,6.7797322273254395,3.4139490127563477,3.5184688568115234,5.771659851074219,3.4922096729278564,7.796525001525879
I,19.674827575683594,16.685861587524414,13.767682075500488,10.399651527404785,8.8916654586792,3.7678446769714355,5.746452808380127,7.923110485076904,6.301653861999512,10.592382431030273
Y,17.839130401611328,14.588177680969238,11.992823600769043,7.7921648025512695,8.826018333435059,3.378868818283081,6.672096252441406,9.211073875427246,8.912402153015137,13.123723030090332
E,20.94928550720215,17.685903549194336,15.180840492248535,10.696043968200684,11.854757308959961,5.598773956298828,10.006705284118652,12.592987060546875,11.87984848022461,16.155593872070312
Q,22.260757446289062,19.102415084838867,17.324735641479492,12.865346908569336,15.205117225646973,8.569327354431152,13.533809661865234,16.1229248046875,15.148553848266602,19.433616638183594
Y,26.81694221496582,23.515214920043945,21.27269172668457,16.57057762145996,17.053722381591797,9.928000450134277,14.565125465393066,16.736955642700195,14.20359992980957,17.573951721191406
F,25.97975730895996,23.539573669433594,22.019397735595703,16.825359344482422,20.281387329101562,13.916169166564941,19.070194244384766,21.74665069580078,20.55824089050293,24.417770385742188
