,R,Y,P,L,T,L,G,W,C,F
C,27.058837890625,24.51178550720215,22.577207565307617,18.159467697143555,18.855093002319336,15.151642799377441,19.52251434326172,21.382225036621094,19.707763671875,22.94857406616211
A,24.394908905029297,21.479602813720703,19.25151824951172,15.254789352416992,15.425403594970703,11.737222671508789,15.97896671295166,17.792165756225586,16.74754524230957,20.07575035095215
S,23.59064292907715,20.380956649780273,17.96590805053711,13.816877365112305,13.613710403442383,9.033538818359375,12.927960395812988,14.924388885498047,13.867880821228027,17.22235870361328
S,19.549274444580078,16.325551986694336,13.85904598236084,9.918628692626953,9.702841758728027,5.219931602478027,9.428525924682617,11.177553176879883,9.852334022521973,13.284585952758789
S,19.229665756225586,16.30655288696289,13.429952621459961,10.22905445098877,7.747809886932373,3.696619749069214,6.293331623077393,8.445343017578125,7.96351957321167,11.40217399597168
W,17.32198715209961,14.193156242370605,11.584458351135254,8.455216407775879,4.769469261169434,3.6840286254882812,2.920246124267578,4.558123588562012,3.6357128620147705,6.2342658042907715
D,16.652816772460938,14.231925964355469,11.356854438781738,8.494582176208496,6.460345268249512,3.5115232467651367,3.649219512939453,6.079733371734619,6.4789862632751465,9.624476432800293
T,17.28726577758789,14.56332015991211,12.191812515258789,7.9478936195373535,8.260025978088379,3.969883441925049,5.5019378662109375,8.1061429977417,9.312049865722656,12.248719215393066
G,18.156145095825195,15.183415412902832,12.674381256103516,8.425219535827637,8.332969665527344,3.4730095863342285,6.569309234619141,9.25929069519043,10.40860652923584,13.61391544342041
E,20.14771270751953,17.2186336517334,14.846653938293457,10.278067588806152,10.848573684692383,5.871580600738525,9.282686233520508,11.955267906188965,12.727535247802734,16.033384323120117
L,19.691797256469727,17.089706420898438,15.25014877319336,10.120156288146973,12.501843452453613,7.728816509246826,12.388605117797852,14.807793617248535,15.455739974975586,18.87297821044922
F,24.798490524291992,22.0039005279541,19.861421585083008,14.97347640991211,15.252615928649902,10.499147415161133,13.224931716918945,15.56636905670166,14.745387077331543,17.495309829711914
F,24.134498596191406,22.272972106933594,20.89113998413086,15.556346893310547,18.45152473449707,13.608010292053223,18.134065628051758,20.538087844848633,19.77640151977539,22.910940170288086
