,E,L,A,G,I,G,A,L,T,V
C,24.383197784423828,24.04389190673828,21.90955352783203,18.509069442749023,19.6237850189209,21.04390525817871,19.352718353271484,18.67431640625,19.195877075195312,23.12994384765625
A,21.47104263305664,20.88500213623047,18.63222885131836,15.421589851379395,16.434362411499023,17.683639526367188,15.63239574432373,15.064810752868652,15.863457679748535,19.859283447265625
W,20.25645637512207,19.04080581665039,16.34148597717285,12.764734268188477,13.560222625732422,14.051962852478027,11.852153778076172,9.938284873962402,10.838587760925293,13.942530632019043
S,16.69594383239746,15.24771785736084,12.446088790893555,9.45302677154541,10.762482643127441,11.26369571685791,9.108779907226562,8.11596965789795,9.298280715942383,12.97297191619873
E,16.999530792236328,15.055195808410645,11.835493087768555,9.417534828186035,9.79033088684082,9.10932731628418,6.294458389282227,4.0465874671936035,6.285575866699219,8.409544944763184
T,16.781484603881836,14.223958969116211,11.128082275390625,9.75371265411377,9.23401927947998,7.9490227699279785,4.178689956665039,3.9444117546081543,3.1139845848083496,7.445885181427002
G,13.44456672668457,11.03212833404541,8.025906562805176,6.884653091430664,7.302751064300537,7.216568470001221,3.4968855381011963,4.961312770843506,5.276210784912109,8.790058135986328
L,8.553641319274902,5.95657205581665,3.370110034942627,3.823133945465088,3.4022061824798584,3.1032752990722656,2.729231595993042,3.9431309700012207,6.650813102722168,10.005376815795898
G,12.856481552124023,10.965916633605957,7.855166435241699,4.7654805183410645,4.7181806564331055,4.462505340576172,4.367159366607666,3.9735445976257324,8.192803382873535,11.598160743713379
M,13.76672649383545,12.547670364379883,10.305915832519531,6.290614128112793,4.4606218338012695,5.8253278732299805,7.185211181640625,5.4503326416015625,10.08799934387207,13.2395601272583
G,17.63068962097168,15.951082229614258,13.15419864654541,9.25588321685791,8.699576377868652,8.390661239624023,8.665336608886719,6.313262462615967,10.468643188476562,13.49528694152832
G,20.288557052612305,18.741113662719727,15.958209037780762,11.95265007019043,11.730627059936523,11.83154296875,11.303226470947266,9.06566333770752,12.403093338012695,15.3155517578125
W,14.182851791381836,13.159272193908691,10.900203704833984,6.952485084533691,7.779377460479736,9.309094429016113,9.557236671447754,8.674134254455566,12.644989013671875,16.05883026123047
Q,21.711944580078125,20.96082305908203,18.63209342956543,14.444039344787598,14.6423921585083,15.97380256652832,15.40458869934082,13.875144958496094,16.76906394958496,20.080738067626953
F,21.28591537475586,21.75231170654297,20.253740310668945,16.34178352355957,16.921499252319336,19.421884536743164,18.756961822509766,17.370464324951172,19.839000701904297,23.191783905029297
