,S,P,A,E,A,G,F,F,L
C,28.001161575317383,26.135847091674805,23.822757720947266,17.757911682128906,20.670799255371094,16.78695297241211,18.785945892333984,15.328786849975586,20.440858840942383
A,24.729219436645508,22.666074752807617,20.187284469604492,14.16162109375,16.981534957885742,13.154909133911133,15.326212882995605,11.963959693908691,17.642004013061523
S,23.670978546142578,21.209102630615234,18.325605392456055,12.890458106994629,14.270308494567871,10.122661590576172,12.009891510009766,9.123832702636719,14.170572280883789
S,20.230342864990234,17.638254165649414,14.70616340637207,9.91858959197998,10.560805320739746,6.589147090911865,8.393682479858398,5.124014377593994,10.918172836303711
D,19.273460388183594,16.703615188598633,13.194997787475586,9.9797945022583,7.401474952697754,3.549511432647705,4.078935146331787,3.607997417449951,7.526462078094482
A,17.896663665771484,15.349902153015137,12.332098960876465,8.822491645812988,7.323512554168701,4.009525299072266,3.555288314819336,5.285497665405273,9.725897789001465
P,14.534472465515137,12.200206756591797,9.368006706237793,6.1985673904418945,5.461579322814941,3.6234147548675537,4.0461297035217285,6.739422798156738,10.645448684692383
G,17.637691497802734,15.431742668151855,13.115736961364746,9.031167984008789,10.099560737609863,7.730510234832764,7.682966709136963,9.829882621765137,14.803770065307617
Q,20.25563621520996,17.968582153320312,15.394623756408691,11.396018028259277,10.081464767456055,8.410545349121094,4.239573955535889,9.1619873046875,12.778340339660645
L,21.048603057861328,18.981163024902344,16.64240837097168,11.480389595031738,13.498201370239258,10.098803520202637,10.298057556152344,10.864201545715332,16.04840087890625
Y,25.617183685302734,23.00177001953125,19.812091827392578,15.637947082519531,14.43228530883789,10.593700408935547,9.385619163513184,10.155007362365723,12.990615844726562
F,26.483320236206055,24.72542381286621,22.516725540161133,17.21927261352539,19.198442459106445,15.570928573608398,15.75244140625,15.141016006469727,19.25469970703125
