,Q,P,A,E,G,G,F,Q,L
C,25.874248504638672,25.862699508666992,23.893327713012695,18.987958908081055,20.18656349182129,16.325233459472656,17.78689956665039,14.486066818237305,20.2976016998291
A,23.19027328491211,22.83353042602539,20.622577667236328,15.759990692138672,16.703821182250977,12.81615924835205,14.480010032653809,10.712186813354492,16.756587982177734
S,21.886167526245117,20.97593116760254,18.4266414642334,13.773209571838379,13.806076049804688,9.670523643493652,10.985937118530273,7.954630374908447,13.400918960571289
S,18.703248977661133,17.553621292114258,14.99435806274414,10.529141426086426,9.98222827911377,5.841379165649414,7.184255599975586,3.924229621887207,9.7584810256958
D,18.654752731323242,16.467588424682617,13.242057800292969,9.68569278717041,7.008800983428955,3.494985818862915,3.6207332611083984,2.909515857696533,6.630810260772705
A,16.71224021911621,15.235286712646484,12.611928939819336,8.798850059509277,7.4020795822143555,4.080904483795166,3.4002201557159424,4.3559722900390625,8.838678359985352
P,13.288049697875977,11.973536491394043,9.5177001953125,6.227407932281494,5.635993957519531,3.5597095489501953,3.403557538986206,6.206279754638672,10.312124252319336
G,16.02314567565918,15.32742691040039,13.41120433807373,9.624776840209961,10.206435203552246,7.705080509185791,6.855432987213135,9.619950294494629,14.27009391784668
Q,18.653345108032227,17.743173599243164,15.590325355529785,11.84652042388916,10.363757133483887,8.302310943603516,4.627435207366943,8.586748123168945,11.395791053771973
L,19.04909324645996,18.709171295166016,16.7996883392334,12.438302040100098,13.34279727935791,9.986556053161621,9.523635864257812,10.783173561096191,15.063898086547852
Y,23.908275604248047,23.130477905273438,20.318803787231445,16.30571174621582,14.597396850585938,10.868047714233398,10.129541397094727,9.80717945098877,12.447623252868652
F,24.027620315551758,24.218618392944336,22.4775447845459,18.10898208618164,18.965124130249023,15.306957244873047,14.96908187866211,14.04715633392334,18.62418556213379
