,M,P,A,G,R,P,W,D,L
C,30.569934844970703,29.12103843688965,26.56915283203125,23.704147338867188,16.488985061645508,19.86479949951172,18.815349578857422,14.91828727722168,18.75603485107422
A,27.69576072692871,26.1856689453125,23.548734664916992,20.576644897460938,13.260676383972168,16.414966583251953,15.683197021484375,11.580410957336426,15.728816032409668
S,26.337177276611328,24.095081329345703,21.25949478149414,18.388574600219727,12.054308891296387,13.645733833312988,11.947778701782227,9.210132598876953,12.818807601928711
S,22.322010040283203,19.963945388793945,17.18250274658203,14.481310844421387,8.887123107910156,9.92701530456543,8.575613021850586,5.175475597381592,9.371679306030273
D,20.77137565612793,18.199121475219727,15.154166221618652,12.485003471374512,8.21676254272461,6.658247470855713,5.072873592376709,3.8378090858459473,6.334031581878662
A,19.974693298339844,17.406763076782227,14.624824523925781,12.170907974243164,8.644408226013184,7.446220874786377,3.7635607719421387,5.9777374267578125,8.537464141845703
P,16.409353256225586,13.912673950195312,11.242203712463379,9.072101593017578,5.66586446762085,5.696631908416748,3.2186362743377686,6.105500221252441,9.487161636352539
G,19.41817283630371,17.489368438720703,15.103978157043457,12.849197387695312,9.874478340148926,9.819913864135742,7.301704406738281,10.109540939331055,13.384737968444824
Q,21.71160888671875,19.70427131652832,16.736175537109375,15.25698471069336,11.914518356323242,11.168841361999512,3.7589328289031982,9.865241050720215,12.636970520019531
L,23.003854751586914,21.326892852783203,18.883018493652344,16.347745895385742,11.471646308898926,12.885359764099121,10.177003860473633,11.09404182434082,15.092124938964844
Y,27.34058952331543,24.822412490844727,21.99123191833496,19.444759368896484,14.83989143371582,14.225883483886719,8.820549964904785,10.848542213439941,12.485060691833496
F,28.050809860229492,26.81125259399414,24.494449615478516,22.010751724243164,16.679704666137695,18.51177215576172,15.57235050201416,15.540138244628906,18.387924194335938
