,Y,Q,F,G,P,D,F,P,I,A
C,25.307809829711914,26.04364585876465,23.675342559814453,21.105945587158203,17.829917907714844,16.611473083496094,19.700843811035156,20.527042388916016,19.22216796875,23.358366012573242
A,22.844114303588867,22.933958053588867,20.15081787109375,17.914915084838867,14.682886123657227,12.982065200805664,16.082603454589844,16.853612899780273,16.231578826904297,20.221466064453125
S,22.75551986694336,22.269941329956055,18.361263275146484,16.8727970123291,14.133101463317871,11.922904014587402,14.189313888549805,14.392867088317871,13.961341857910156,17.76346778869629
S,20.38474464416504,19.754735946655273,15.286691665649414,14.184130668640137,11.70727825164795,9.188016891479492,10.632725715637207,10.660594940185547,9.928360939025879,13.706982612609863
L,19.196897506713867,17.686506271362305,12.401115417480469,12.13337516784668,10.351348876953125,7.7998576164245605,8.347980499267578,7.815383434295654,7.444101333618164,11.115693092346191
W,13.901747703552246,11.468621253967285,4.66212797164917,6.540619373321533,6.01316499710083,2.8408267498016357,3.562307596206665,3.6809983253479004,5.693964004516602,9.114789009094238
E,19.022872924804688,17.026390075683594,10.756518363952637,11.623260498046875,10.37833309173584,7.82754373550415,7.984107971191406,5.949676513671875,6.971419811248779,9.572553634643555
K,18.7492733001709,18.104713439941406,12.519999504089355,12.315643310546875,10.51389217376709,9.606841087341309,10.5169095993042,8.906585693359375,10.74308967590332,13.73040771484375
L,15.150988578796387,14.97542953491211,10.524052619934082,9.216127395629883,7.329296112060547,5.989597320556641,8.788318634033203,9.551613807678223,10.7526216506958,14.29479694366455
A,15.442185401916504,14.469039916992188,8.293943405151367,8.668811798095703,7.549106597900391,7.685487270355225,9.2677001953125,8.384981155395508,11.129985809326172,14.14177417755127
K,17.12148094177246,16.651254653930664,11.251492500305176,10.826797485351562,9.580694198608398,10.183991432189941,12.149012565612793,11.259182929992676,13.762971878051758,16.878873825073242
N,14.303060531616211,15.424308776855469,12.25631332397461,10.097058296203613,7.972482681274414,10.509248733520508,13.679017066955566,13.291738510131836,15.508987426757812,18.80994987487793
I,19.090003967285156,19.3681640625,14.961379051208496,13.659643173217773,11.575067520141602,11.272235870361328,13.51144790649414,13.235962867736816,14.582159042358398,17.888355255126953
Q,19.205127716064453,20.592008590698242,17.45072364807129,15.512667655944824,12.251827239990234,12.600512504577637,15.352874755859375,15.4840669631958,16.511606216430664,19.782100677490234
Y,23.653383255004883,23.83945655822754,18.862930297851562,18.289396286010742,15.487018585205078,14.532557487487793,15.711151123046875,14.735188484191895,14.993815422058105,18.32623863220215
F,22.588083267211914,24.165491104125977,21.924575805664062,19.14597511291504,15.832512855529785,16.80177116394043,20.070716857910156,20.16900634765625,20.01233673095703,23.794973373413086
