,R,Q,W,G,P,D,P,A,A,V
C,26.299867630004883,26.2905330657959,24.535417556762695,21.221519470214844,17.79170036315918,17.07292366027832,20.971193313598633,21.795753479003906,20.83797264099121,23.922435760498047
A,23.941267013549805,23.245126724243164,21.20667839050293,18.07541275024414,14.713349342346191,13.519227981567383,17.37557029724121,18.10181427001953,17.68556785583496,20.91217041015625
S,23.741453170776367,22.439313888549805,18.95306968688965,16.889650344848633,13.944063186645508,12.273506164550781,15.251628875732422,15.421968460083008,15.03030014038086,17.977392196655273
S,21.353071212768555,19.924945831298828,15.858168601989746,14.247023582458496,11.506718635559082,9.602971076965332,11.896079063415527,11.933494567871094,11.139402389526367,14.109793663024902
L,20.142671585083008,17.99860382080078,12.688199043273926,12.313668251037598,10.349142074584961,7.918654441833496,9.219709396362305,8.743002891540527,8.776474952697754,11.040457725524902
W,14.612306594848633,11.66535472869873,4.632730484008789,6.775045394897461,5.9575090408325195,2.745684862136841,3.699995994567871,3.6327052116394043,5.177579879760742,8.734801292419434
E,19.986597061157227,17.32549476623535,10.792900085449219,11.875273704528809,10.397747039794922,7.9728922843933105,8.500022888183594,6.906009674072266,7.66001033782959,9.174908638000488
K,19.29179573059082,18.211366653442383,12.795374870300293,12.416703224182129,10.441181182861328,9.828300476074219,11.034207344055176,9.452488899230957,10.370258331298828,13.325492858886719
L,15.65176010131836,14.963014602661133,10.987494468688965,9.192694664001465,7.17801570892334,6.5960235595703125,9.768401145935059,10.073257446289062,10.819548606872559,14.304905891418457
A,15.718568801879883,14.417586326599121,8.703874588012695,8.741360664367676,7.446691513061523,7.906856060028076,9.1312837600708,7.785919666290283,10.119771957397461,13.274763107299805
K,17.3404598236084,16.61579132080078,11.660877227783203,10.839680671691895,9.432781219482422,10.367229461669922,12.314577102661133,11.042108535766602,13.076214790344238,16.273494720458984
N,14.66165542602539,15.401780128479004,12.634664535522461,10.088168144226074,7.884716033935547,10.792527198791504,13.971238136291504,13.138007164001465,14.902957916259766,18.247325897216797
I,19.50800323486328,19.377803802490234,15.428224563598633,13.66589069366455,11.341116905212402,11.598770141601562,14.267304420471191,13.856363296508789,14.520899772644043,17.79174041748047
Q,19.767974853515625,20.48773193359375,17.97647476196289,15.371085166931152,11.987736701965332,13.08338737487793,16.285308837890625,16.101551055908203,16.621000289916992,19.843820571899414
Y,24.48147964477539,23.96038246154785,19.310924530029297,18.332408905029297,15.289423942565918,14.896051406860352,16.695005416870117,15.828873634338379,15.96019172668457,18.175369262695312
F,23.346683502197266,24.233951568603516,22.237653732299805,19.155181884765625,15.72803020477295,17.236141204833984,20.863317489624023,21.011632919311523,21.102140426635742,23.82769203186035
