,N,L,V,P,M,V,A,T,V
C,30.297380447387695,28.87181854248047,25.852214813232422,22.656383514404297,17.878040313720703,20.002254486083984,20.67281150817871,17.99570655822754,21.05249786376953
A,27.74062728881836,26.024904251098633,22.6635799407959,19.938270568847656,14.944342613220215,16.48263931274414,16.926437377929688,14.118965148925781,17.13013458251953
S,27.38671875,25.34520721435547,21.451000213623047,19.759878158569336,14.488733291625977,15.525847434997559,15.449359893798828,12.923911094665527,15.474784851074219
S,23.731082916259766,21.57305908203125,17.67141342163086,16.117095947265625,10.834574699401855,11.765125274658203,11.808533668518066,9.51453685760498,11.703683853149414
Q,23.753461837768555,20.97078514099121,16.585420608520508,16.5477237701416,11.691203117370605,10.654276847839355,9.182316780090332,7.470224380493164,9.284957885742188
T,21.827255249023438,19.007238388061523,15.18203067779541,14.255594253540039,9.621545791625977,8.122068405151367,7.4051513671875,4.302306652069092,6.598628044128418
Q,18.38944435119629,15.52197551727295,11.464014053344727,11.259991645812988,6.998206615447998,4.838845252990723,3.5592968463897705,3.1667239665985107,5.270265579223633
L,17.594573974609375,15.272990226745605,12.08126449584961,9.64419174194336,4.885904788970947,5.44108247756958,6.731657981872559,5.822571754455566,9.47413444519043
W,15.17442798614502,12.398983001708984,8.176223754882812,8.067880630493164,4.086266040802002,3.5978615283966064,3.5267765522003174,5.337881565093994,8.686800003051758
E,19.8676700592041,17.735387802124023,13.64513111114502,12.982129096984863,7.966852188110352,9.491606712341309,7.963891506195068,7.992156028747559,9.8158597946167
T,22.99509048461914,21.084213256835938,16.9669132232666,16.469615936279297,11.4813814163208,13.003853797912598,12.55902099609375,12.73437213897705,15.374484062194824
Q,22.212209701538086,20.701902389526367,17.646587371826172,14.94113826751709,10.026359558105469,13.142308235168457,14.167651176452637,13.569273948669434,17.011232376098633
Y,28.2414608001709,26.446123123168945,22.263004302978516,21.016141891479492,15.818685531616211,17.46029281616211,16.63766860961914,15.40565299987793,17.350282669067383
F,27.388639450073242,26.161170959472656,23.226198196411133,20.394956588745117,15.692699432373047,18.784208297729492,19.61817741394043,18.387319564819336,21.762813568115234
