,E,L,A,G,I,G,I,L,T,V
C,30.615938186645508,29.716537475585938,27.20570182800293,22.892942428588867,22.19362449645996,23.83841896057129,23.68547821044922,21.7653751373291,23.5449161529541,26.355058670043945
A,27.513439178466797,26.603851318359375,23.893028259277344,19.741601943969727,18.98126983642578,20.62737464904785,20.058958053588867,18.282672882080078,19.74669075012207,22.72614288330078
S,26.745149612426758,24.93732261657715,21.927387237548828,17.889362335205078,17.135299682617188,17.868228912353516,17.39407730102539,14.930669784545898,16.635475158691406,19.303905487060547
R,19.7091121673584,17.999311447143555,15.165023803710938,11.147647857666016,11.446290016174316,12.592327117919922,11.389278411865234,10.151372909545898,12.179265975952148,15.393632888793945
P,22.690534591674805,20.122865676879883,16.724586486816406,13.197102546691895,13.26012897491455,13.02447509765625,11.523561477661133,9.182477951049805,9.801613807678223,12.187134742736816
G,21.035612106323242,18.075855255126953,14.519253730773926,11.488912582397461,11.784092903137207,11.009561538696289,8.694584846496582,6.778885364532471,7.650863170623779,10.924638748168945
W,14.477250099182129,11.119840621948242,7.9711384773254395,6.463048934936523,7.358730792999268,7.260188579559326,3.5859742164611816,3.8588337898254395,6.131547927856445,9.40980339050293
M,17.888282775878906,14.291028022766113,11.512619018554688,9.582687377929688,9.879576683044434,8.20181941986084,5.328156471252441,3.584529399871826,3.1151044368743896,5.999539375305176
A,20.126726150512695,17.21234703063965,13.638070106506348,11.535635948181152,11.098139762878418,9.626704216003418,6.996563911437988,4.356978893280029,4.6132588386535645,7.452001094818115
G,19.612001419067383,16.896839141845703,13.474236488342285,10.777098655700684,9.607874870300293,8.431355476379395,7.160768985748291,3.5408875942230225,6.370824813842773,8.852547645568848
G,19.087141036987305,16.669538497924805,13.535917282104492,9.692910194396973,9.073217391967773,9.21250057220459,8.935309410095215,5.877850532531738,8.986919403076172,11.602190971374512
V,18.120040893554688,15.88814640045166,13.060224533081055,9.2879056930542,7.602380275726318,7.95458459854126,9.611594200134277,7.043847560882568,11.622483253479004,14.412599563598633
E,21.743534088134766,19.98724937438965,17.283987045288086,13.242359161376953,11.537945747375488,12.398921966552734,13.663331985473633,10.694965362548828,14.95088005065918,17.52325439453125
L,23.003772735595703,22.03998374938965,19.51242446899414,15.153830528259277,14.092840194702148,15.526772499084473,16.306642532348633,13.979391098022461,17.594606399536133,20.360437393188477
Y,26.953834533691406,24.971242904663086,21.973073959350586,18.093175888061523,16.74687385559082,16.74934959411621,17.11505699157715,12.99541187286377,16.254905700683594,17.711196899414062
F,26.525859832763672,26.140108108520508,23.9592342376709,19.60813331604004,18.087087631225586,20.27309226989746,21.475290298461914,19.33789825439453,22.224842071533203,24.550254821777344
