,G,I,L,G,L,V,F,T,L
C,28.380996704101562,25.20829963684082,22.297719955444336,18.379701614379883,18.317564010620117,16.82352638244629,18.374204635620117,17.780807495117188,21.55839729309082
A,25.619083404541016,22.42755126953125,19.474472045898438,15.54941463470459,15.005784034729004,13.473180770874023,15.023640632629395,14.978404998779297,18.561952590942383
S,25.101516723632812,21.908357620239258,18.85871696472168,15.288697242736816,13.73745059967041,11.863652229309082,12.955306053161621,12.659709930419922,15.977550506591797
S,21.116830825805664,17.99891471862793,14.710394859313965,11.608088493347168,9.576602935791016,8.325166702270508,9.211700439453125,8.760254859924316,12.145612716674805
S,21.76097869873047,18.651155471801758,15.013508796691895,13.26773738861084,10.183924674987793,7.304714202880859,6.981664180755615,5.662464141845703,8.848348617553711
R,15.711169242858887,13.184326171875,8.37082290649414,8.915947914123535,3.3810529708862305,4.910091400146484,4.304897785186768,5.804816722869873,8.613152503967285
S,15.239829063415527,12.118775367736816,9.093536376953125,6.1030497550964355,4.103732585906982,2.990269184112549,5.256484508514404,7.331154823303223,10.718402862548828
S,15.007302284240723,12.096077919006348,8.904736518859863,6.626965045928955,4.198634147644043,6.627805709838867,8.092426300048828,10.47475814819336,13.791596412658691
Y,19.15073013305664,16.388628005981445,12.290239334106445,10.907062530517578,7.070670127868652,8.275680541992188,8.816885948181152,10.941205024719238,13.432829856872559
E,22.738052368164062,20.053037643432617,15.7681884765625,14.56345272064209,10.597229957580566,11.5623140335083,11.729775428771973,13.532122611999512,16.23788833618164
Q,21.814395904541016,18.662338256835938,16.058124542236328,12.180434226989746,11.106178283691406,11.569960594177246,13.509676933288574,14.973336219787598,18.12432289123535
Y,27.32796859741211,24.223365783691406,20.89698028564453,17.74608039855957,15.67537784576416,14.874213218688965,15.131864547729492,14.889663696289062,17.179649353027344
F,27.573463439941406,24.468463897705078,21.988672256469727,18.03239631652832,17.141698837280273,17.36983871459961,18.8652286529541,18.81682586669922,21.895381927490234
