,R,G,P,G,R,A,F,V,T,I
C,31.661502838134766,29.73035430908203,27.377029418945312,24.0256404876709,20.605623245239258,17.409114837646484,16.202545166015625,17.956878662109375,15.956686973571777,18.153535842895508
A,28.54585075378418,26.391155242919922,23.866437911987305,20.523487091064453,16.99233055114746,13.923345565795898,12.361091613769531,14.258269309997559,12.658868789672852,15.384391784667969
S,26.541109085083008,23.737619400024414,21.12921905517578,17.54242706298828,13.986260414123535,11.170329093933105,9.756251335144043,11.090678215026855,10.318597793579102,12.71529483795166
S,22.610084533691406,19.89069175720215,17.412994384765625,13.93570613861084,10.514793395996094,7.4230146408081055,5.983761310577393,7.412611961364746,6.425879955291748,9.397696495056152
L,19.858741760253906,16.673004150390625,13.882989883422852,10.109471321105957,6.5896220207214355,4.713497638702393,3.8537330627441406,3.6387526988983154,3.617210626602173,5.359172821044922
G,19.11376953125,16.110254287719727,13.469266891479492,10.007067680358887,6.548903942108154,3.5080230236053467,3.229515552520752,4.258582592010498,5.506937026977539,8.847579956054688
H,14.831001281738281,12.517793655395508,10.675163269042969,7.928624629974365,6.308363914489746,3.012702226638794,4.286330223083496,4.608691692352295,7.420835494995117,11.045974731445312
T,19.001569747924805,16.17157554626465,13.777461051940918,10.011836051940918,7.457219123840332,5.5795087814331055,6.9795002937316895,4.216581344604492,7.8930158615112305,10.742115020751953
E,21.804195404052734,19.803491592407227,17.63630485534668,13.976426124572754,11.30911922454834,9.100642204284668,9.851645469665527,8.129528999328613,11.110112190246582,13.648256301879883
V,23.095792770385742,21.728063583374023,19.728015899658203,16.3834285736084,13.546807289123535,10.250215530395508,10.805781364440918,10.78955078125,12.947376251220703,15.743523597717285
F,27.198863983154297,24.66050910949707,22.117290496826172,18.284832000732422,15.063546180725098,13.082901954650879,12.229979515075684,11.468714714050293,12.5446138381958,13.949591636657715
F,27.332332611083984,26.64895248413086,24.799245834350586,21.502927780151367,18.68844985961914,15.381406784057617,15.671469688415527,16.103822708129883,16.58914566040039,18.72197914123535
