,K,A,P,A,N,F,A,T,M
C,28.781747817993164,27.720489501953125,25.767471313476562,22.660207748413086,20.183818817138672,17.804588317871094,18.8920955657959,17.92347526550293,21.019756317138672
A,26.03360366821289,24.727203369140625,22.703468322753906,19.562170028686523,16.980928421020508,14.773492813110352,15.507596969604492,14.611717224121094,17.959861755371094
S,24.97846794128418,22.38432502746582,20.050851821899414,16.65789031982422,13.97111701965332,11.458849906921387,11.96572208404541,11.295479774475098,14.443615913391113
S,21.219778060913086,18.466733932495117,16.132415771484375,13.077885627746582,10.303360939025879,8.85998249053955,8.856729507446289,7.79957389831543,11.382182121276855
D,20.763750076293945,17.539161682128906,14.579055786132812,11.3323392868042,8.344520568847656,5.124504089355469,3.7211673259735107,2.6285102367401123,5.806602478027344
A,17.745071411132812,14.518328666687012,11.547964096069336,8.952298164367676,5.910144805908203,4.487251281738281,5.888577938079834,3.8071446418762207,7.938636302947998
G,16.594520568847656,13.43595027923584,11.234739303588867,8.005833625793457,5.583191871643066,5.405132293701172,6.82144021987915,6.575544834136963,10.654803276062012
G,14.553671836853027,12.382491111755371,10.732542991638184,7.426138877868652,6.443563461303711,6.441247940063477,8.505468368530273,9.528620719909668,13.244626998901367
R,11.58732795715332,8.3447904586792,6.634077548980713,2.8195629119873047,3.999257802963257,3.4540207386016846,6.157370090484619,9.317022323608398,11.971572875976562
N,17.497608184814453,14.129182815551758,11.496801376342773,7.9975361824035645,5.0904083251953125,3.1857197284698486,3.4675769805908203,5.019907474517822,8.621360778808594
T,21.19476890563965,17.89836311340332,15.728050231933594,11.781081199645996,9.853219032287598,5.287941932678223,7.972907543182373,9.463367462158203,12.98904037475586
L,21.596948623657227,20.45128059387207,18.4779109954834,14.717118263244629,12.732776641845703,8.751469612121582,11.231744766235352,12.364187240600586,15.793150901794434
Y,25.847822189331055,22.538209915161133,20.105588912963867,16.199918746948242,13.833139419555664,8.554984092712402,9.549426078796387,10.921971321105957,13.536114692687988
F,25.139413833618164,24.58128547668457,23.000173568725586,19.503921508789062,17.73134994506836,14.08309555053711,16.319782257080078,16.59635353088379,19.599742889404297
