,G,T,S,G,S,P,I,V,N,R
C,27.68274688720703,24.733766555786133,22.61127281188965,18.393762588500977,19.394920349121094,20.151622772216797,16.765310287475586,17.3510799407959,15.983190536499023,21.353328704833984
A,24.6414737701416,21.594951629638672,19.188371658325195,15.026000022888184,16.23528480529785,16.507183074951172,12.949634552001953,13.695714950561523,13.237579345703125,18.310226440429688
S,23.551530838012695,20.40390968322754,17.770511627197266,13.33578872680664,13.658096313476562,13.918779373168945,10.725715637207031,10.530030250549316,11.29882526397705,15.905083656311035
S,19.480981826782227,16.31418228149414,13.679361343383789,9.199546813964844,9.026622772216797,9.490341186523438,7.313784599304199,7.014246940612793,7.772569179534912,12.069602012634277
L,20.1982421875,17.20684242248535,13.852181434631348,10.011231422424316,10.257472038269043,8.709059715270996,5.149260520935059,4.053907871246338,5.262380599975586,8.606168746948242
G,16.901195526123047,13.797018051147461,10.707772254943848,6.523005962371826,7.356038570404053,6.5152788162231445,3.3897104263305664,3.7992825508117676,6.144709587097168,9.749180793762207
Q,11.95012092590332,8.881202697753906,6.444260120391846,3.2455813884735107,3.818906307220459,3.1185433864593506,2.39837908744812,4.473024368286133,7.320160865783691,10.83487606048584
G,14.203556060791016,11.238990783691406,8.404502868652344,4.484343528747559,2.6669559478759766,4.248811721801758,4.478377342224121,5.741788387298584,9.46563720703125,12.672483444213867
L,11.687358856201172,9.434453010559082,8.287429809570312,6.240243911743164,3.4575986862182617,6.947213172912598,7.86788272857666,8.83779525756836,12.901268005371094,16.08912467956543
L,16.719074249267578,14.163951873779297,11.468582153320312,9.067034721374512,5.176529884338379,7.853295803070068,9.351780891418457,9.30405330657959,13.726715087890625,16.382022857666016
Y,17.605859756469727,14.767693519592285,10.868480682373047,7.959046840667725,6.363889217376709,4.60190486907959,5.80711030960083,3.356139898300171,7.755231857299805,10.381827354431152
G,21.517789840698242,18.601825714111328,16.373628616333008,12.441093444824219,10.150763511657715,12.08657455444336,12.23383903503418,10.959848403930664,14.770624160766602,18.07254981994629
Y,18.525033950805664,15.616402626037598,14.156778335571289,10.169949531555176,10.67655086517334,12.524750709533691,11.151717185974121,11.805093765258789,14.861201286315918,18.474559783935547
T,25.582786560058594,22.43677520751953,20.179101943969727,15.699254035949707,15.025315284729004,16.18670082092285,14.091815948486328,13.278526306152344,15.313074111938477,19.066896438598633
F,25.65071678161621,22.77541732788086,21.294906616210938,17.1437931060791,16.977949142456055,18.934669494628906,16.904268264770508,16.426246643066406,17.70350456237793,22.145015716552734
