,G,T,S,G,S,P,I,I,N,R
C,27.51744270324707,24.455032348632812,22.5053653717041,18.343021392822266,19.199012756347656,20.019542694091797,16.530160903930664,17.268085479736328,15.69699764251709,20.868383407592773
A,24.41727638244629,21.28375244140625,19.04948616027832,14.934399604797363,16.0145263671875,16.330888748168945,12.942310333251953,13.53428840637207,13.186944961547852,17.99437713623047
S,23.358257293701172,20.31669807434082,17.91605567932129,13.499993324279785,13.582755088806152,13.926257133483887,11.053655624389648,10.670702934265137,11.498703956604004,15.712024688720703
S,19.565479278564453,16.683162689208984,14.262110710144043,9.804280281066895,9.16214656829834,9.846463203430176,7.803404808044434,7.268094539642334,8.045570373535156,12.005545616149902
L,19.882221221923828,17.033552169799805,13.745101928710938,10.160840034484863,10.007370948791504,8.45970344543457,5.488958358764648,4.107135772705078,5.1037092208862305,8.358844757080078
G,16.642534255981445,13.70374870300293,10.914188385009766,6.748414516448975,7.341978549957275,6.545277118682861,3.7827656269073486,3.789569854736328,5.947806358337402,9.582624435424805
Q,12.74619197845459,9.623066902160645,7.3178911209106445,3.42004132270813,3.9307003021240234,2.8668434619903564,2.592827320098877,3.7512762546539307,6.976963043212891,10.532681465148926
G,13.961671829223633,11.3674898147583,8.282984733581543,4.857905387878418,2.885756015777588,4.172624588012695,4.658725738525391,5.276336193084717,9.387502670288086,12.603590965270996
L,11.652092933654785,9.563314437866211,8.468754768371582,5.983767032623291,3.5448544025421143,6.897152423858643,7.906020164489746,8.522665977478027,12.759119987487793,15.9912109375
L,16.215957641601562,14.160374641418457,11.31042766571045,8.933688163757324,5.04781436920166,7.6899614334106445,9.31523323059082,9.032540321350098,13.48867416381836,16.42472267150879
Y,17.267345428466797,14.756180763244629,11.064451217651367,8.186419486999512,6.068647384643555,4.839681148529053,6.293309211730957,3.729565382003784,7.795293807983398,10.298246383666992
G,21.142866134643555,18.6278076171875,16.15552520751953,12.357320785522461,10.041886329650879,11.731383323669434,12.176504135131836,10.54684066772461,14.342779159545898,17.564687728881836
Y,18.32488441467285,15.420007705688477,14.093327522277832,10.077410697937012,10.614102363586426,12.587759017944336,11.572135925292969,11.850957870483398,15.019611358642578,18.653043746948242
T,25.230976104736328,22.344955444335938,20.239755630493164,15.744888305664062,14.952692031860352,16.132997512817383,14.346250534057617,13.263127326965332,15.172198295593262,18.51844024658203
F,25.75628089904785,22.875185012817383,21.481706619262695,17.286083221435547,17.194595336914062,19.088117599487305,17.291736602783203,16.625967025756836,17.890167236328125,21.95452117919922
