,A,A,G,I,G,I,L,T,V
C,23.942546844482422,21.23956298828125,18.361373901367188,19.60466766357422,20.722501754760742,19.06451416015625,19.20611572265625,18.937501907348633,23.101694107055664
A,20.780269622802734,18.155109405517578,15.27011489868164,16.344057083129883,17.525484085083008,15.514375686645508,15.728470802307129,15.820789337158203,19.91147804260254
W,19.093957901000977,16.004404067993164,12.730778694152832,13.782153129577637,13.83627700805664,11.52857780456543,10.200735092163086,10.664305686950684,13.922751426696777
S,15.031652450561523,11.997084617614746,9.08095932006836,10.829435348510742,11.042393684387207,9.019635200500488,8.896480560302734,9.321049690246582,13.098986625671387
E,14.707305908203125,11.696775436401367,8.957204818725586,10.041821479797363,9.227789878845215,6.06595516204834,4.525749683380127,5.591822147369385,8.090277671813965
T,13.766353607177734,11.118075370788574,9.060218811035156,9.270163536071777,7.512792110443115,3.9520201683044434,4.09187126159668,3.551759719848633,7.666332244873047
G,10.706418991088867,7.954188346862793,6.24641227722168,7.651069641113281,7.144002914428711,3.5136656761169434,5.103227138519287,5.5509233474731445,9.094949722290039
L,5.808498859405518,3.387701988220215,3.3349790573120117,3.4456026554107666,3.1023285388946533,2.6515800952911377,4.0111236572265625,6.8775105476379395,10.345630645751953
G,10.802988052368164,7.660668849945068,4.055204391479492,4.693859577178955,4.173111438751221,4.386253833770752,4.1626877784729,8.448274612426758,11.886900901794434
M,12.134993553161621,9.459271430969238,5.419546604156494,3.851611614227295,5.6798529624938965,6.871615886688232,5.404386520385742,10.118408203125,13.261893272399902
G,16.18582534790039,13.121636390686035,9.014775276184082,8.733287811279297,8.188339233398438,8.440675735473633,6.469931125640869,10.45201587677002,13.424023628234863
G,19.01235580444336,15.84703540802002,11.80309009552002,11.793911933898926,11.625487327575684,11.064441680908203,9.327004432678223,12.284880638122559,15.212106704711914
W,13.26424503326416,10.35915470123291,6.728692054748535,7.831410884857178,9.000847816467285,9.186748504638672,8.836432456970215,12.621108055114746,16.01443099975586
Q,21.265899658203125,18.340606689453125,14.499019622802734,14.708529472351074,15.79815673828125,15.277088165283203,14.410799980163574,16.834697723388672,20.09946060180664
F,22.056432723999023,19.778553009033203,16.619802474975586,17.02107048034668,19.17043113708496,18.570903778076172,17.871021270751953,19.863344192504883,23.26948356628418
