,S,L,L,M,W,I,T,Q,V
C,27.629968643188477,24.550626754760742,23.001794815063477,19.673498153686523,17.01378059387207,18.562532424926758,20.308042526245117,15.38723087310791,21.997581481933594
A,23.66163444519043,21.292964935302734,19.086111068725586,15.5770845413208,13.218408584594727,14.814752578735352,16.760955810546875,13.12340259552002,19.414859771728516
S,23.080669403076172,20.586788177490234,17.806440353393555,13.950127601623535,11.633495330810547,11.95697021484375,13.490860939025879,10.054338455200195,16.022993087768555
S,19.72749137878418,17.07546615600586,14.291942596435547,10.533530235290527,7.814051151275635,8.14234733581543,9.78903865814209,6.707459449768066,12.586286544799805
Y,17.885202407836914,15.085066795349121,12.145078659057617,8.140962600708008,6.38358211517334,5.3494415283203125,6.4807844161987305,3.4933230876922607,8.228711128234863
L,14.183662414550781,10.993059158325195,7.9513421058654785,4.3838677406311035,3.301974058151245,3.1684460639953613,5.089003086090088,6.362107276916504,10.169318199157715
N,16.14276695251465,13.267590522766113,9.582289695739746,6.601081848144531,3.762782335281372,3.7265970706939697,2.840502977371216,6.71617317199707,9.889314651489258
R,15.619390487670898,12.923561096191406,9.467784881591797,7.15370512008667,3.744455575942993,5.967392921447754,5.716864585876465,9.454330444335938,12.932721138000488
D,18.195663452148438,15.565286636352539,12.146453857421875,9.847711563110352,5.933835983276367,8.665555000305176,7.4430084228515625,11.052242279052734,14.40800666809082
S,19.075345993041992,16.127927780151367,12.734057426452637,9.3490629196167,6.71968936920166,6.32860803604126,6.520386695861816,8.146479606628418,11.531045913696289
A,22.141643524169922,19.559101104736328,16.804306030273438,12.948365211486816,9.020166397094727,10.842370986938477,10.844558715820312,11.578802108764648,15.611800193786621
L,21.996313095092773,19.953716278076172,17.580354690551758,13.71326732635498,10.174604415893555,13.07511043548584,13.851531028747559,13.2520112991333,17.97884750366211
D,25.795299530029297,23.383153915405273,20.741518020629883,16.665525436401367,13.336126327514648,14.54179859161377,15.281194686889648,12.527582168579102,16.894155502319336
F,26.958248138427734,25.167024612426758,22.919849395751953,18.662477493286133,14.880358695983887,17.760311126708984,18.498199462890625,15.65138053894043,20.770803451538086
